,id_feu,siniestro_fecha,siniestro_hora,zona_ocurrencia,via_publica,nombre_via,altura_km,entre_calle_1,latitud,longitud,ilesos,heridos,fallecidos,vehiculos,peatones,tipo_siniestro_unico,cantidad_de_involucrados,material_de_la_calzada,estado_de_la_calzada,estado_fisico_ambiental,luminosidad,luz_artificial,estado_ambiental,visibilidad,semaforo,tipo_involucrado
494,48996,2018-10-07,20:25:00,Urbana,Avenida,MAIPU,2800,,-2.749.967,-5.881.454,0,3,0,2,0,Colisión entre vehículos,2,Hormigón,Apto,,Noche,SI,Despejado,Buena,Sin Semáforo,Motocicleta
495,49017,2018-10-18,19:45:00,Rural,Ruta Nacional,12,1036,,-2.744.535,-5.874.673,3,0,0,2,0,Colisión entre vehículos,2,Tierra,Apto,,Noche,NO,Despejado,Buena,Sin Semáforo,Automóvil
496,49017,2018-10-18,19:45:00,Rural,Ruta Nacional,12,1036,,-2.744.535,-5.874.673,3,0,0,2,0,Colisión entre vehículos,2,Tierra,Apto,,Noche,NO,Despejado,Buena,Sin Semáforo,Motocicleta
497,49037,2018-10-24,17:00:00,Urbana,Calle,25 DE mayo,1400,CATAMARCA,-2.746.464,-5.883.273,1,1,0,2,0,Colisión entre vehículos,2,Asfalto,Baches,"Con charcos o inundada, Mojada",,NO,Despejado,Buena,Sin Semáforo,Camioneta/Utilitario
498,49037,2018-10-24,17:00:00,Urbana,Calle,25 DE mayo,1400,CATAMARCA,-2.746.464,-5.883.273,1,1,0,2,0,Colisión entre vehículos,2,Asfalto,Baches,"Con charcos o inundada, Mojada",,NO,Despejado,Buena,Sin Semáforo,Motocicleta
499,48839,2018-08-12,03:41:00,Urbana,Calle,PELLEGRINI,1900,PARAGUAY,-2.746.631,-5.882.638,2,0,0,2,0,Colisión entre vehículos,2,Asfalto,Apto,Despejada,Noche,SI,Despejado,Buena,Sin Semáforo,Automóvil
500,48839,2018-08-12,03:41:00,Urbana,Calle,PELLEGRINI,1900,PARAGUAY,-2.746.631,-5.882.638,2,0,0,2,0,Colisión entre vehículos,2,Asfalto,Apto,Despejada,Noche,SI,Despejado,Buena,Sin Semáforo,Motocicleta
501,48949,2018-02-20,08:15:00,Urbana,Avenida,AV TTE IBAÑEZ,800,CASTILL0,-2.748.488,-5.884.304,1,1,0,2,0,Colisión entre vehículos,2,Hormigón,Apto,Seca,Día,NO,Despejado,Buena,Sin Semáforo,Automóvil
502,48949,2018-02-20,08:15:00,Urbana,Avenida,AV TTE IBAÑEZ,800,CASTILL0,-2.748.488,-5.884.304,1,1,0,2,0,Colisión entre vehículos,2,Hormigón,Apto,Seca,Día,NO,Despejado,Buena,Sin Semáforo,Motocicleta
503,49164,2018-12-13,11:30:00,Urbana,Calle,LAS PIEDRAS,1500,LUIS BRAILE,-2.748.007,-5.880.036,1,1,0,2,0,Colisión entre vehículos,2,Asfalto,Apto,"Despejada, Seca",Día,NO,Despejado,Buena,Sin Semáforo,Automóvil
504,49164,2018-12-13,11:30:00,Urbana,Calle,LAS PIEDRAS,1500,LUIS BRAILE,-2.748.007,-5.880.036,1,1,0,2,0,Colisión entre vehículos,2,Asfalto,Apto,"Despejada, Seca",Día,NO,Despejado,Buena,Sin Semáforo,Motocicleta
505,48985,2018-09-28,13:00:00,Urbana,Avenida,AVENIDA CENTENARIO,3000,AVENIDA CHACABUCO,-2.747.127,-5.881.273,2,0,0,2,0,,2,Hormigón,Apto,Seca,Día,NO,Despejado,Buena,Funciona,Motocicleta
506,48985,2018-09-28,13:00:00,Urbana,Avenida,AVENIDA CENTENARIO,3000,AVENIDA CHACABUCO,-2.747.127,-5.881.273,2,0,0,2,0,,2,Hormigón,Apto,Seca,Día,NO,Despejado,Buena,Funciona,Automóvil
507,49080,2018-11-09,14:15:00,Urbana,Calle,25 DE mayo,1800,ESPAÑA,-2.746.499,-5.882.883,1,1,0,2,0,Colisión entre vehículos,2,Hormigón,Apto,"Despejada, Seca",Atardecer,NO,Despejado,Buena,Sin Semáforo,Automóvil
508,49080,2018-11-09,14:15:00,Urbana,Calle,25 DE mayo,1800,ESPAÑA,-2.746.499,-5.882.883,1,1,0,2,0,Colisión entre vehículos,2,Hormigón,Apto,"Despejada, Seca",Atardecer,NO,Despejado,Buena,Sin Semáforo,Motocicleta
509,49142,2018-11-06,22:20:00,Urbana,Avenida,AV INDEPENDENCIA,4200,LAS PIEDRAS,-2.748.099,-5.880.050,1,1,0,2,0,Colisión entre vehículos,2,Asfalto,Apto,Seca,Noche,NO,Despejado,Buena,Funciona,Motocicleta
510,49142,2018-11-06,22:20:00,Urbana,Avenida,AV INDEPENDENCIA,4200,LAS PIEDRAS,-2.748.099,-5.880.050,1,1,0,2,0,Colisión entre vehículos,2,Asfalto,Apto,Seca,Noche,NO,Despejado,Buena,Funciona,Motocicleta
511,49176,2018-12-18,17:30:00,Urbana,Avenida,AV CAZADORES CORRENTINO,3400,CASTELLI,-2.748.714,-5.881.102,2,0,0,2,0,Colisión entre vehículos,2,Hormigón,Apto,Seca,Día,NO,Nublado,Buena,Sin Semáforo,Motocicleta
512,49176,2018-12-18,17:30:00,Urbana,Avenida,AV CAZADORES CORRENTINO,3400,CASTELLI,-2.748.714,-5.881.102,2,0,0,2,0,Colisión entre vehículos,2,Hormigón,Apto,Seca,Día,NO,Nublado,Buena,Sin Semáforo,Motocicleta
513,49090,2018-11-15,18:30:00,Urbana,Calle,CATAMARCA,1400,SAN MARTIN,-2.747.016,-5.883.329,2,1,0,2,0,Colisión entre vehículos,2,Asfalto,Apto,Seca,Día,SI,,,Sin Semáforo,Automóvil
514,49090,2018-11-15,18:30:00,Urbana,Calle,CATAMARCA,1400,SAN MARTIN,-2.747.016,-5.883.329,2,1,0,2,0,Colisión entre vehículos,2,Asfalto,Apto,Seca,Día,SI,,,Sin Semáforo,Automóvil
515,49153,2018-12-09,07:15:00,Urbana,Calle,PARAGUAY,1790,,-2.747.068,-5.882.681,1,1,0,2,0,Colisión entre vehículos,2,Asfalto,Apto,Seca,Día,,Despejado,,Sin Semáforo,Automóvil
516,49153,2018-12-09,07:15:00,Urbana,Calle,PARAGUAY,1790,,-2.747.068,-5.882.681,1,1,0,2,0,Colisión entre vehículos,2,Asfalto,Apto,Seca,Día,,Despejado,,Sin Semáforo,Automóvil
517,48902,2018-09-05,06:50:00,Urbana,Avenida,AVENIDA VERA,300,SAN JUAN,-2.746.170,-5.883.633,2,0,0,2,0,Colisión entre vehículos,2,Asfalto,Apto,,Amanecer,SI,Despejado,Buena,Sin Semáforo,Automóvil
518,48902,2018-09-05,06:50:00,Urbana,Avenida,AVENIDA VERA,300,SAN JUAN,-2.746.170,-5.883.633,2,0,0,2,0,Colisión entre vehículos,2,Asfalto,Apto,,Amanecer,SI,Despejado,Buena,Sin Semáforo,Motocicleta
519,49076,2018-11-07,18:00:00,Urbana,Avenida,RIO CHICO,5600,UNNE,-2.746.057,-5.877.980,1,1,0,2,0,Colisión entre vehículos,2,Hormigón,Apto,Seca,Atardecer,NO,Despejado,Buena,Sin Semáforo,Motocicleta
520,49076,2018-11-07,18:00:00,Urbana,Avenida,RIO CHICO,5600,UNNE,-2.746.057,-5.877.980,1,1,0,2,0,Colisión entre vehículos,2,Hormigón,Apto,Seca,Atardecer,NO,Despejado,Buena,Sin Semáforo,Automóvil
521,48901,2018-09-02,04:40:00,Urbana,Avenida,AVENIDA ARMENIA,800,19 DE mayo,-2.746.792,-5.880.506,1,1,0,2,0,Colisión entre vehículos,2,Asfalto,Apto,Mojada,Noche,SI,Lluvia,Lluvia,,Automóvil
522,48901,2018-09-02,04:40:00,Urbana,Avenida,AVENIDA ARMENIA,800,19 DE mayo,-2.746.792,-5.880.506,1,1,0,2,0,Colisión entre vehículos,2,Asfalto,Apto,Mojada,Noche,SI,Lluvia,Lluvia,,Motocicleta
523,48909,2018-09-06,10:00:00,Urbana,Avenida,MORENO,1600,ESPAÑA,-2.747.389,-5.882.986,1,1,0,2,0,Colisión entre vehículos,2,Asfalto,Apto,,Día,NO,Despejado,Buena,Sin Semáforo,Motocicleta
524,48909,2018-09-06,10:00:00,Urbana,Avenida,MORENO,1600,ESPAÑA,-2.747.389,-5.882.986,1,1,0,2,0,Colisión entre vehículos,2,Asfalto,Apto,,Día,NO,Despejado,Buena,Sin Semáforo,Camioneta/Utilitario
525,49112,2018-11-25,10:00:00,Urbana,Calle,AV. JUAN DOMINGO PERON,3500,,-2.748.695,-5.880.986,1,1,0,2,0,Colisión entre vehículos,2,Hormigón,Apto,Seca,Día,NO,Despejado,Buena,Sin Semáforo,Automóvil
526,49112,2018-11-25,10:00:00,Urbana,Calle,AV. JUAN DOMINGO PERON,3500,,-2.748.695,-5.880.986,1,1,0,2,0,Colisión entre vehículos,2,Hormigón,Apto,Seca,Día,NO,Despejado,Buena,Sin Semáforo,Motocicleta
527,49139,2018-12-05,06:30:00,Urbana,Calle,2 DE abril,2000,COSQUIN,-2.749.421,-5.882.834,2,0,0,2,0,Despiste,2,Asfalto,Apto,Seca,Amanecer,NO,Despejado,Buena,Sin Semáforo,Automóvil
528,49139,2018-12-05,06:30:00,Urbana,Calle,2 DE abril,2000,COSQUIN,-2.749.421,-5.882.834,2,0,0,2,0,Despiste,2,Asfalto,Apto,Seca,Amanecer,NO,Despejado,Buena,Sin Semáforo,Automóvil
529,49000,2018-10-09,11:40:00,Urbana,Calle,SAN MARTIN,1500,SAN LORENZO,-2.747.044,-5.883.207,2,1,0,2,0,Colisión entre vehículos,2,Asfalto,Apto,Seca,Día,NO,Despejado,Buena,Sin Semáforo,Motocicleta
530,49000,2018-10-09,11:40:00,Urbana,Calle,SAN MARTIN,1500,SAN LORENZO,-2.747.044,-5.883.207,2,1,0,2,0,Colisión entre vehículos,2,Asfalto,Apto,Seca,Día,NO,Despejado,Buena,Sin Semáforo,Motocicleta
531,48805,2018-08-03,07:10:00,Urbana,Ruta Provincial,RUTA 5,6500,VIUDEZ,-2.748.515,-5.877.535,0,1,0,1,0,Despiste,1,Asfalto,Apto,Seca,Amanecer,NO,Despejado,Buena,Sin Semáforo,Motocicleta
532,48841,2018-08-12,11:55:00,Urbana,Calle,GUTEMBERG,1699,LA MADRID,-2.748.232,-5.883.212,2,0,0,2,0,Colisión entre vehículos,2,Asfalto,Apto,Seca,Día,SI,Despejado,Buena,Sin Semáforo,Automóvil
533,48841,2018-08-12,11:55:00,Urbana,Calle,GUTEMBERG,1699,LA MADRID,-2.748.232,-5.883.212,2,0,0,2,0,Colisión entre vehículos,2,Asfalto,Apto,Seca,Día,SI,Despejado,Buena,Sin Semáforo,Motocicleta
534,48874,2018-08-27,11:25:00,Urbana,Avenida,AV ARTIGAS,1200,BOLIVAR,-2.747.280,-5.881.902,1,1,0,2,0,Colisión entre vehículos,2,Hormigón,Apto,"Despejada, Seca",Noche,SI,Despejado,Buena,Sin Semáforo,Automóvil
535,48874,2018-08-27,11:25:00,Urbana,Avenida,AV ARTIGAS,1200,BOLIVAR,-2.747.280,-5.881.902,1,1,0,2,0,Colisión entre vehículos,2,Hormigón,Apto,"Despejada, Seca",Noche,SI,Despejado,Buena,Sin Semáforo,Motocicleta
536,49086,2018-11-14,19:30:00,Urbana,Calle,AV. ARMENIA,3800,POMAR,-2.746.827,-5.880.386,2,0,0,2,0,Colisión entre vehículos,2,Asfalto,Apto,Seca,Atardecer,NO,Despejado,Buena,Funciona,Automóvil
537,49086,2018-11-14,19:30:00,Urbana,Calle,AV. ARMENIA,3800,POMAR,-2.746.827,-5.880.386,2,0,0,2,0,Colisión entre vehículos,2,Asfalto,Apto,Seca,Atardecer,NO,Despejado,Buena,Funciona,Automóvil
538,48800,2018-08-01,12:30:00,Urbana,Avenida,chacabuco,2400,ALBERTI,-2.748.764,-5.881.634,0,2,0,2,0,Colisión entre vehículos,2,Hormigón,Apto,"Despejada, Seca",Día,NO,Despejado,Buena,Sin Semáforo,Automóvil
539,48800,2018-08-01,12:30:00,Urbana,Avenida,chacabuco,2400,ALBERTI,-2.748.764,-5.881.634,0,2,0,2,0,Colisión entre vehículos,2,Hormigón,Apto,"Despejada, Seca",Día,NO,Despejado,Buena,Sin Semáforo,Motocicleta
540,48885,2018-08-30,13:00:00,Urbana,Calle,VELEZ SARFIELD,2400,AV. PUJOL,-2.746.847,-5.882.013,1,1,0,2,0,Colisión entre vehículos,2,Asfalto,Apto,,,NO,Despejado,Buena,Sin Semáforo,Automóvil
541,48885,2018-08-30,13:00:00,Urbana,Calle,VELEZ SARFIELD,2400,AV. PUJOL,-2.746.847,-5.882.013,1,1,0,2,0,Colisión entre vehículos,2,Asfalto,Apto,,,NO,Despejado,Buena,Sin Semáforo,Motocicleta
542,49156,2018-12-10,22:45:00,Urbana,Calle,RUTA PROVINCIAL N° 5,1084,VIUDES,-2.748.494,-5.877.591,1,1,0,1,1,Atropello a peatón/es,2,Asfalto,Apto,Seca,Noche,SI,Despejado,Buena,Sin Semáforo,Automóvil
543,49156,2018-12-10,22:45:00,Urbana,Calle,RUTA PROVINCIAL N° 5,1084,VIUDES,-2.748.494,-5.877.591,1,1,0,1,1,Atropello a peatón/es,2,Asfalto,Apto,Seca,Noche,SI,Despejado,Buena,Sin Semáforo,Peatón
544,48862,2018-08-23,08:00:00,Rural,Ruta Nacional,12,1033,RIO CHICO,-2.745.965,-5.876.574,2,0,0,2,0,Colisión entre vehículos,2,Tierra,Apto,Seca,Día,NO,Nublado,Buena,Sin Semáforo,Automóvil
545,48862,2018-08-23,08:00:00,Rural,Ruta Nacional,12,1033,RIO CHICO,-2.745.965,-5.876.574,2,0,0,2,0,Colisión entre vehículos,2,Tierra,Apto,Seca,Día,NO,Nublado,Buena,Sin Semáforo,Motocicleta
546,49039,2018-10-25,09:15:00,Urbana,Avenida,AV INDEPENDENCIA,4450,MEDRANO,-2.748.137,-5.879.833,2,0,0,2,0,Colisión entre vehículos,2,Hormigón,Apto,Seca,Día,NO,Despejado,Buena,Funciona,Motocicleta
547,49039,2018-10-25,09:15:00,Urbana,Avenida,AV INDEPENDENCIA,4450,MEDRANO,-2.748.137,-5.879.833,2,0,0,2,0,Colisión entre vehículos,2,Hormigón,Apto,Seca,Día,NO,Despejado,Buena,Funciona,Automóvil
548,48893,2018-08-30,19:30:00,Rural,Ruta Provincial,5,KM3,,-2.749.032,-5.875.645,1,1,0,1,1,Atropello a peatón/es,2,Asfalto,Apto,Seca,Atardecer,NO,Nublado,Buena,Sin Semáforo,Automóvil
549,48893,2018-08-30,19:30:00,Rural,Ruta Provincial,5,KM3,,-2.749.032,-5.875.645,1,1,0,1,1,Atropello a peatón/es,2,Asfalto,Apto,Seca,Atardecer,NO,Nublado,Buena,Sin Semáforo,Peatón
550,49119,2018-11-28,17:40:00,Urbana,Avenida,AV AYACUCHO,3400,CASTELLI,-2.747.224,-5.880.830,1,1,0,2,0,Colisión entre vehículos,2,Hormigón,Apto,Despejada,Amanecer,NO,Nublado,Buena,Funciona,Automóvil
551,49119,2018-11-28,17:40:00,Urbana,Avenida,AV AYACUCHO,3400,CASTELLI,-2.747.224,-5.880.830,1,1,0,2,0,Colisión entre vehículos,2,Hormigón,Apto,Despejada,Amanecer,NO,Nublado,Buena,Funciona,Motocicleta
552,48849,2018-08-17,14:00:00,Urbana,Avenida,AV ALFONSIN,5000,GORRITI,-2.747.658,-5.878.928,0,1,0,1,0,Despiste,1,Asfalto,Apto,Seca,Día,NO,Despejado,Buena,Sin Semáforo,Motocicleta
553,48880,2018-08-29,14:30:00,Urbana,Avenida,ARTIGAS,2600,AV-. PEDRO FERRE,-2.747.800,-5.881.979,1,1,0,2,0,Colisión entre vehículos,2,Hormigón,Apto,Seca,Día,NO,Despejado,Buena,Funciona,Automóvil
554,48880,2018-08-29,14:30:00,Urbana,Avenida,ARTIGAS,2600,AV-. PEDRO FERRE,-2.747.800,-5.881.979,1,1,0,2,0,Colisión entre vehículos,2,Hormigón,Apto,Seca,Día,NO,Despejado,Buena,Funciona,Automóvil
555,48999,2018-10-09,12:50:00,Urbana,Avenida,AVENIDA ARMENIA,5000,MONTEAGUDO,-2.746.689,-5.879.072,1,1,0,2,0,Colisión entre vehículos,2,Hormigón,,Seca,Día,NO,Despejado,Buena,Sin Semáforo,Automóvil
556,48999,2018-10-09,12:50:00,Urbana,Avenida,AVENIDA ARMENIA,5000,MONTEAGUDO,-2.746.689,-5.879.072,1,1,0,2,0,Colisión entre vehículos,2,Hormigón,,Seca,Día,NO,Despejado,Buena,Sin Semáforo,Motocicleta
557,48838,2018-08-11,12:00:00,Urbana,Calle,COLOMBIA,799,VIRASORO,-2.746.815,-5.881.621,2,0,0,2,0,Colisión entre vehículos,2,Hormigón,Apto,Seca,Día,NO,Despejado,Buena,Sin Semáforo,Automóvil
558,48838,2018-08-11,12:00:00,Urbana,Calle,COLOMBIA,799,VIRASORO,-2.746.815,-5.881.621,2,0,0,2,0,Colisión entre vehículos,2,Hormigón,Apto,Seca,Día,NO,Despejado,Buena,Sin Semáforo,Automóvil
559,49064,2018-11-06,07:00:00,Urbana,Calle,SAN MARTIN,2100,BRASIL,-2.747.100,-5.882.436,1,1,0,2,0,Colisión entre vehículos,2,Asfalto,Apto,Seca,Día,NO,Despejado,Buena,Sin Semáforo,Motocicleta
560,49064,2018-11-06,07:00:00,Urbana,Calle,SAN MARTIN,2100,BRASIL,-2.747.100,-5.882.436,1,1,0,2,0,Colisión entre vehículos,2,Asfalto,Apto,Seca,Día,NO,Despejado,Buena,Sin Semáforo,Automóvil
561,48801,2018-08-01,15:30:00,Urbana,Avenida,AV. SARMIENTO,2000,Rafaela,-2.749.630,-5.883.242,1,1,0,2,0,Colisión entre vehículos,2,Hormigón,Apto,Seca,Día,NO,Despejado,Buena,Sin Semáforo,Automóvil
562,48801,2018-08-01,15:30:00,Urbana,Avenida,AV. SARMIENTO,2000,Rafaela,-2.749.630,-5.883.242,1,1,0,2,0,Colisión entre vehículos,2,Hormigón,Apto,Seca,Día,NO,Despejado,Buena,Sin Semáforo,Motocicleta
563,48845,2018-08-16,13:00:00,Urbana,Calle,MEXICO,599,25 DE mayo,-2.746.589,-5.881.414,1,1,0,2,0,Colisión entre vehículos,2,Asfalto,,,Día,,Despejado,Buena,Intermitente,Motocicleta
564,48845,2018-08-16,13:00:00,Urbana,Calle,MEXICO,599,25 DE mayo,-2.746.589,-5.881.414,1,1,0,2,0,Colisión entre vehículos,2,Asfalto,,,Día,,Despejado,Buena,Intermitente,Camioneta/Utilitario
565,48917,2018-09-08,07:45:00,Rural,Ruta Provincial,RUTA PROVINCIAL 5,2,BARRIO LOMAS,-2.749.194,-5.874.679,2,0,0,2,0,Colisión entre vehículos,2,,Apto,Seca,Día,SI,Despejado,Buena,Sin Semáforo,Automóvil
566,48917,2018-09-08,07:45:00,Rural,Ruta Provincial,RUTA PROVINCIAL 5,2,BARRIO LOMAS,-2.749.194,-5.874.679,2,0,0,2,0,Colisión entre vehículos,2,,Apto,Seca,Día,SI,Despejado,Buena,Sin Semáforo,Automóvil
567,48835,2018-08-11,07:40:00,Urbana,Avenida,MEDRANO,2500,LARREA,-2.749.139,-5.879.964,2,0,0,2,0,Colisión entre vehículos,2,Hormigón,Apto,Seca,Día,NO,Despejado,Buena,Sin Semáforo,Motocicleta
568,48835,2018-08-11,07:40:00,Urbana,Avenida,MEDRANO,2500,LARREA,-2.749.139,-5.879.964,2,0,0,2,0,Colisión entre vehículos,2,Hormigón,Apto,Seca,Día,NO,Despejado,Buena,Sin Semáforo,Transporte de carga
569,48822,2018-08-08,12:30:00,Urbana,Avenida,Avenida Presidente Raúl Alfonsín,3100,Republica Dominicana y Reconquista,-2.747.138,-5.881.157,1,1,0,2,0,Colisión entre vehículos,2,Asfalto,Apto,Seca,Día,NO,Despejado,Buena,Sin Semáforo,Automóvil
570,48822,2018-08-08,12:30:00,Urbana,Avenida,Avenida Presidente Raúl Alfonsín,3100,Republica Dominicana y Reconquista,-2.747.138,-5.881.157,1,1,0,2,0,Colisión entre vehículos,2,Asfalto,Apto,Seca,Día,NO,Despejado,Buena,Sin Semáforo,Motocicleta
571,48875,2018-08-27,13:20:00,Urbana,Calle,SANTA FE,1599,BOLIVAR,-2.747.142,-5.883.089,3,0,0,3,0,Colisión entre vehículos,3,Asfalto,Apto,Seca,Día,NO,Despejado,,Funciona,Automóvil
572,48875,2018-08-27,13:20:00,Urbana,Calle,SANTA FE,1599,BOLIVAR,-2.747.142,-5.883.089,3,0,0,3,0,Colisión entre vehículos,3,Asfalto,Apto,Seca,Día,NO,Despejado,,Funciona,Automóvil
573,48875,2018-08-27,13:20:00,Urbana,Calle,SANTA FE,1599,BOLIVAR,-2.747.142,-5.883.089,3,0,0,3,0,Colisión entre vehículos,3,Asfalto,Apto,Seca,Día,NO,Despejado,,Funciona,Automóvil
574,48860,2018-08-22,23:30:00,Urbana,Calle,AVENIDA MAIPU Y ASUNCION,1500,,-2.749.116,-5.881.977,2,0,0,2,0,Colisión entre vehículos,2,Asfalto,Apto,,Noche,SI,Despejado,Buena,Funciona,Motocicleta
575,48860,2018-08-22,23:30:00,Urbana,Calle,AVENIDA MAIPU Y ASUNCION,1500,,-2.749.116,-5.881.977,2,0,0,2,0,Colisión entre vehículos,2,Asfalto,Apto,,Noche,SI,Despejado,Buena,Funciona,Camioneta/Utilitario
576,48842,2018-08-12,14:05:00,Urbana,Calle,SAN MARTIN,2400,ITUZAINGO,-2.747.155,-5.881.923,1,1,0,2,0,Colisión entre vehículos,2,Asfalto,Apto,Seca,Día,SI,Despejado,Buena,No Funciona,Automóvil
577,48842,2018-08-12,14:05:00,Urbana,Calle,SAN MARTIN,2400,ITUZAINGO,-2.747.155,-5.881.923,1,1,0,2,0,Colisión entre vehículos,2,Asfalto,Apto,Seca,Día,SI,Despejado,Buena,No Funciona,Motocicleta
578,48957,2018-09-25,01:00:00,Urbana,Avenida,RAUL ALFONSIN,4300,RIÓ JURAMENTO,-2.747.504,-5.879.829,0,2,0,2,0,Colisión entre vehículos,2,Asfalto,,,Día,,,,Funciona,Automóvil
579,48957,2018-09-25,01:00:00,Urbana,Avenida,RAUL ALFONSIN,4300,RIÓ JURAMENTO,-2.747.504,-5.879.829,0,2,0,2,0,Colisión entre vehículos,2,Asfalto,,,Día,,,,Funciona,Motocicleta
580,48979,2018-09-30,07:17:00,Urbana,Avenida,AVENIDA MAIPU,900,AVENIDA CAZADORES CORRENTINOS,-2.748.642,-5.882.312,4,0,0,2,0,Colisión entre vehículos,2,Hormigón,Apto,,Día,NO,Despejado,Buena,,Automóvil
581,48979,2018-09-30,07:17:00,Urbana,Avenida,AVENIDA MAIPU,900,AVENIDA CAZADORES CORRENTINOS,-2.748.642,-5.882.312,4,0,0,2,0,Colisión entre vehículos,2,Hormigón,Apto,,Día,NO,Despejado,Buena,,Transporte de pasajeros
582,48952,2018-09-20,15:05:00,Urbana,Avenida,AV MAIPU,850,HONDURAS,-2.748.557,-5.882.390,2,0,0,2,0,Colisión entre vehículos,2,Hormigón,Apto,Seca,Día,NO,Despejado,Buena,Sin Semáforo,Automóvil
583,48952,2018-09-20,15:05:00,Urbana,Avenida,AV MAIPU,850,HONDURAS,-2.748.557,-5.882.390,2,0,0,2,0,Colisión entre vehículos,2,Hormigón,Apto,Seca,Día,NO,Despejado,Buena,Sin Semáforo,Motocicleta
584,49079,2018-11-09,13:50:00,Urbana,Calle,ROCA,2200,BELGRANO,,,1,1,0,2,0,Colisión entre vehículos,2,Hormigón,Apto,Seca,Atardecer,NO,Despejado,Buena,Sin Semáforo,Motocicleta
585,49079,2018-11-09,13:50:00,Urbana,Calle,ROCA,2200,BELGRANO,,,1,1,0,2,0,Colisión entre vehículos,2,Hormigón,Apto,Seca,Atardecer,NO,Despejado,Buena,Sin Semáforo,Automóvil
586,48947,2018-09-19,12:30:00,Urbana,Avenida,R. ALFONSIN,4500,MORELO,-2.747.620,-5.879.123,1,1,0,2,0,Colisión entre vehículos,2,Hormigón,Apto,Seca,Día,NO,,,Sin Semáforo,Automóvil
587,48947,2018-09-19,12:30:00,Urbana,Avenida,R. ALFONSIN,4500,MORELO,-2.747.620,-5.879.123,1,1,0,2,0,Colisión entre vehículos,2,Hormigón,Apto,Seca,Día,NO,,,Sin Semáforo,Motocicleta
588,49116,2018-11-28,08:11:00,Urbana,Calle,ROCA,1300,,-2.746.944,-5.882.284,2,0,0,2,0,Colisión entre vehículos,2,Asfalto,Apto,,Día,SI,Nublado,Buena,Sin Semáforo,Automóvil
589,49116,2018-11-28,08:11:00,Urbana,Calle,ROCA,1300,,-2.746.944,-5.882.284,2,0,0,2,0,Colisión entre vehículos,2,Asfalto,Apto,,Día,SI,Nublado,Buena,Sin Semáforo,Transporte de carga
590,48819,2018-08-07,19:30:00,Urbana,Avenida,Av. Maipu,1600,,-2.749.305,-5.881.863,1,1,0,2,0,Colisión entre vehículos,2,Asfalto,Apto,Seca,Atardecer,NO,Despejado,Buena,Sin Semáforo,Automóvil
591,48819,2018-08-07,19:30:00,Urbana,Avenida,Av. Maipu,1600,,-2.749.305,-5.881.863,1,1,0,2,0,Colisión entre vehículos,2,Asfalto,Apto,Seca,Atardecer,NO,Despejado,Buena,Sin Semáforo,Motocicleta
592,48907,2018-09-04,20:20:00,Urbana,Calle,GUEMEZ,1800,LA PAZ,-2.748.252,-5.880.801,0,1,0,1,0,Caída desde vehículo,1,Asfalto,Apto,Seca,Noche,SI,Despejado,Buena,Sin Semáforo,Motocicleta