,id_feu,siniestro_fecha,siniestro_hora,zona_ocurrencia,via_publica,nombre_via,altura_km,entre_calle_1,latitud,longitud,ilesos,heridos,fallecidos,vehiculos,peatones,tipo_siniestro_unico,cantidad_de_involucrados,material_de_la_calzada,estado_de_la_calzada,estado_fisico_ambiental,luminosidad,luz_artificial,estado_ambiental,visibilidad,semaforo,tipo_involucrado
593,48936,2018-09-17,12:15:00,Urbana,Avenida,AVENIDA MAIPU,1000,MADARIAGA,-2.748.505,-5.882.415,2,0,0,1,1,Colisión entre vehículos,2,Asfalto,,Seca,Día,NO,,,,Motocicleta
594,48936,2018-09-17,12:15:00,Urbana,Avenida,AVENIDA MAIPU,1000,MADARIAGA,-2.748.505,-5.882.415,2,0,0,1,1,Colisión entre vehículos,2,Asfalto,,Seca,Día,NO,,,,Peatón
595,48911,2018-09-07,15:08:00,Urbana,Avenida,AV. LIBERTAD,6031,,-2.746.342,-5.877.643,2,1,0,3,0,Colisión entre vehículos,3,Asfalto,Apto,Seca,Atardecer,SI,Despejado,Buena,Sin Semáforo,Automóvil
596,48911,2018-09-07,15:08:00,Urbana,Avenida,AV. LIBERTAD,6031,,-2.746.342,-5.877.643,2,1,0,3,0,Colisión entre vehículos,3,Asfalto,Apto,Seca,Atardecer,SI,Despejado,Buena,Sin Semáforo,Motocicleta
597,48911,2018-09-07,15:08:00,Urbana,Avenida,AV. LIBERTAD,6031,,-2.746.342,-5.877.643,2,1,0,3,0,Colisión entre vehículos,3,Asfalto,Apto,Seca,Atardecer,SI,Despejado,Buena,Sin Semáforo,Camioneta/Utilitario
598,48883,2018-08-30,11:30:00,Urbana,Avenida,AV. CHACABUCO,2400,,-2.748.771,-5.881.652,2,0,0,2,0,Colisión entre vehículos,2,Hormigón,,Mojada,,NO,Lluvia,Lluvia,,Camioneta/Utilitario
599,48883,2018-08-30,11:30:00,Urbana,Avenida,AV. CHACABUCO,2400,,-2.748.771,-5.881.652,2,0,0,2,0,Colisión entre vehículos,2,Hormigón,,Mojada,,NO,Lluvia,Lluvia,,Transporte de carga
600,48904,2018-09-04,10:30:00,Urbana,Avenida,AV R ALFONSIN,3000,AV CHACABUCO,-2.747.114,-5.881.266,1,1,0,1,1,Colisión entre vehículos,2,Asfalto,Apto,Seca,Día,NO,Despejado,Buena,Funciona,Motocicleta
601,48904,2018-09-04,10:30:00,Urbana,Avenida,AV R ALFONSIN,3000,AV CHACABUCO,-2.747.114,-5.881.266,1,1,0,1,1,Colisión entre vehículos,2,Asfalto,Apto,Seca,Día,NO,Despejado,Buena,Funciona,Peatón
602,48919,2018-09-08,10:43:00,Urbana,Calle,SANTA FE,1500,RIVADAVIA,-2.747.488,-5.883.123,2,0,0,2,0,Colisión entre vehículos,2,Asfalto,Apto,Seca,Día,NO,Despejado,Buena,Funciona,Automóvil
603,48919,2018-09-08,10:43:00,Urbana,Calle,SANTA FE,1500,RIVADAVIA,-2.747.488,-5.883.123,2,0,0,2,0,Colisión entre vehículos,2,Asfalto,Apto,Seca,Día,NO,Despejado,Buena,Funciona,Automóvil
604,49106,2018-11-22,10:15:00,Urbana,Calle,PERU,1250,,-2.747.329,-5.882.196,1,1,0,2,0,Colisión entre vehículos,2,Hormigón,Apto,Seca,Día,,Despejado,Buena,Sin Semáforo,Automóvil
605,49106,2018-11-22,10:15:00,Urbana,Calle,PERU,1250,,-2.747.329,-5.882.196,1,1,0,2,0,Colisión entre vehículos,2,Hormigón,Apto,Seca,Día,,Despejado,Buena,Sin Semáforo,Automóvil
606,49102,2018-11-21,09:00:00,Urbana,Calle,CATAMARCA,1400,BELGRANO,-2.747.243,-5.883.359,1,5,0,1,0,Colisión entre vehículos,1,Asfalto,Apto,Seca,Día,NO,Despejado,Buena,Sin Semáforo,Transporte de pasajeros
607,48932,2018-09-17,15:45:00,Urbana,Avenida,AV. RAUL ALFONSIN,4000,LOS TILOS,-2.747.415,-5.880.140,3,1,0,3,0,Colisión entre vehículos,3,Hormigón,Apto,Seca,Día,NO,Despejado,Buena,Sin Semáforo,Automóvil
608,48932,2018-09-17,15:45:00,Urbana,Avenida,AV. RAUL ALFONSIN,4000,LOS TILOS,-2.747.415,-5.880.140,3,1,0,3,0,Colisión entre vehículos,3,Hormigón,Apto,Seca,Día,NO,Despejado,Buena,Sin Semáforo,Motocicleta
609,48932,2018-09-17,15:45:00,Urbana,Avenida,AV. RAUL ALFONSIN,4000,LOS TILOS,-2.747.415,-5.880.140,3,1,0,3,0,Colisión entre vehículos,3,Hormigón,Apto,Seca,Día,NO,Despejado,Buena,Sin Semáforo,Automóvil
610,48829,2018-08-15,15:15:00,Urbana,Avenida,AVENIDA RAUL ALFONSIN,4000,DON JUSTINO,-2.751.476,-5.875.405,0,3,0,2,0,Colisión entre vehículos,2,Asfalto,Apto,Seca,Día,NO,Despejado,Buena,Sin Semáforo,Motocicleta
611,48829,2018-08-15,15:15:00,Urbana,Avenida,AVENIDA RAUL ALFONSIN,4000,DON JUSTINO,-2.751.476,-5.875.405,0,3,0,2,0,Colisión entre vehículos,2,Asfalto,Apto,Seca,Día,NO,Despejado,Buena,Sin Semáforo,Motocicleta
612,49141,2018-12-06,18:10:00,Urbana,Calle,CUBA,5900,RUTA 12,-2.750.460,-5.877.375,2,0,0,2,0,Colisión entre vehículos,2,Asfalto,Apto,"Despejada, Seca",Atardecer,NO,Despejado,Buena,Sin Semáforo,Automóvil
613,49141,2018-12-06,18:10:00,Urbana,Calle,CUBA,5900,RUTA 12,-2.750.460,-5.877.375,2,0,0,2,0,Colisión entre vehículos,2,Asfalto,Apto,"Despejada, Seca",Atardecer,NO,Despejado,Buena,Sin Semáforo,Motocicleta
614,48831,2018-08-10,08:20:00,Urbana,Calle,GENERAL PAZ,1800,PIO XII,-2.747.827,-5.883.681,1,1,0,2,0,Colisión entre vehículos,2,Asfalto,Apto,Seca,Día,NO,Niebla / Neblina,Niebla/Neblina,Sin Semáforo,Automóvil
615,48831,2018-08-10,08:20:00,Urbana,Calle,GENERAL PAZ,1800,PIO XII,-2.747.827,-5.883.681,1,1,0,2,0,Colisión entre vehículos,2,Asfalto,Apto,Seca,Día,NO,Niebla / Neblina,Niebla/Neblina,Sin Semáforo,Motocicleta
616,49063,2018-11-02,19:00:00,Urbana,Calle,25 DE mayo,1852,JUJY,-2.746.510,-5.882.754,1,1,0,2,0,Colisión entre vehículos,2,Hormigón,Apto,Seca,Atardecer,NO,Nublado,Buena,Sin Semáforo,Automóvil
617,49063,2018-11-02,19:00:00,Urbana,Calle,25 DE mayo,1852,JUJY,-2.746.510,-5.882.754,1,1,0,2,0,Colisión entre vehículos,2,Hormigón,Apto,Seca,Atardecer,NO,Nublado,Buena,Sin Semáforo,Motocicleta
618,49193,2018-12-27,08:15:00,Urbana,Avenida,ARMENIA,4800,MONTEAGUDO,-2.746.681,-5.879.078,1,2,0,2,0,Colisión entre vehículos,2,Asfalto,Baches,Despejada,Día,NO,Despejado,Buena,Sin Semáforo,Camioneta/Utilitario
619,49193,2018-12-27,08:15:00,Urbana,Avenida,ARMENIA,4800,MONTEAGUDO,-2.746.681,-5.879.078,1,2,0,2,0,Colisión entre vehículos,2,Asfalto,Baches,Despejada,Día,NO,Despejado,Buena,Sin Semáforo,Motocicleta
620,49120,2018-11-30,07:05:00,Urbana,Calle,SAN MARTIN,2300,PERU,-2.747.125,-5.882.184,2,0,0,2,0,Colisión entre vehículos,2,Hormigón,Apto,Seca,Día,NO,Despejado,Buena,Sin Semáforo,Automóvil
621,49120,2018-11-30,07:05:00,Urbana,Calle,SAN MARTIN,2300,PERU,-2.747.125,-5.882.184,2,0,0,2,0,Colisión entre vehículos,2,Hormigón,Apto,Seca,Día,NO,Despejado,Buena,Sin Semáforo,Motocicleta
622,48803,2018-08-02,10:30:00,Urbana,Calle,LAS HERAS,44000,MEDRANO,-2.748.542,-5.879.905,1,1,0,2,0,Colisión entre vehículos,2,Hormigón,Apto,Seca,Día,NO,Nublado,Buena,Sin Semáforo,Motocicleta
623,48803,2018-08-02,10:30:00,Urbana,Calle,LAS HERAS,44000,MEDRANO,-2.748.542,-5.879.905,1,1,0,2,0,Colisión entre vehículos,2,Hormigón,Apto,Seca,Día,NO,Nublado,Buena,Sin Semáforo,Camioneta/Utilitario
624,49197,2018-12-29,21:00:00,Urbana,Calle,CATAMARCA,1300,BELGRANO,-2.747.238,-5.883.356,2,0,0,2,0,Colisión entre vehículos,2,Asfalto,Apto,Seca,Noche,SI,Despejado,Buena,Sin Semáforo,Automóvil
625,49197,2018-12-29,21:00:00,Urbana,Calle,CATAMARCA,1300,BELGRANO,-2.747.238,-5.883.356,2,0,0,2,0,Colisión entre vehículos,2,Asfalto,Apto,Seca,Noche,SI,Despejado,Buena,Sin Semáforo,Motocicleta
626,48899,2018-09-01,14:25:00,Urbana,Calle,MADARIAGA,800,BLAS PARERA,-2.748.239,-5.884.140,2,2,0,2,0,Colisión entre vehículos,2,Hormigón,Apto,Mojada,Día,NO,Lluvia,,Sin Semáforo,Motocicleta
627,48899,2018-09-01,14:25:00,Urbana,Calle,MADARIAGA,800,BLAS PARERA,-2.748.239,-5.884.140,2,2,0,2,0,Colisión entre vehículos,2,Hormigón,Apto,Mojada,Día,NO,Lluvia,,Sin Semáforo,Automóvil
628,49003,2018-10-07,21:45:00,Urbana,Calle,JUNIN,1900,PARAGUAY,-2.746.851,-5.882.661,2,0,0,2,0,Colisión entre vehículos,2,Asfalto,Apto,Seca,Día,SI,Despejado,Buena,Sin Semáforo,Automóvil
629,49003,2018-10-07,21:45:00,Urbana,Calle,JUNIN,1900,PARAGUAY,-2.746.851,-5.882.661,2,0,0,2,0,Colisión entre vehículos,2,Asfalto,Apto,Seca,Día,SI,Despejado,Buena,Sin Semáforo,Motocicleta
630,49072,2018-11-06,17:35:00,Urbana,Calle,COLOMBIA,900,PLAYA MIRAMAR,-2.746.993,-5.881.660,1,1,0,2,0,Colisión entre vehículos,2,Hormigón,Apto,,Atardecer,NO,Lluvia,Buena,Sin Semáforo,Motocicleta
631,49072,2018-11-06,17:35:00,Urbana,Calle,COLOMBIA,900,PLAYA MIRAMAR,-2.746.993,-5.881.660,1,1,0,2,0,Colisión entre vehículos,2,Hormigón,Apto,,Atardecer,NO,Lluvia,Buena,Sin Semáforo,Automóvil
632,48814,2018-08-04,14:05:00,Urbana,Avenida,AV. INDEPENDENCIA,5098,GODOY CRUZ,-2.748.379,-5.878.964,1,1,0,2,0,Colisión entre vehículos,2,Asfalto,Apto,,Día,SI,Despejado,Buena,Funciona,Automóvil
633,48814,2018-08-04,14:05:00,Urbana,Avenida,AV. INDEPENDENCIA,5098,GODOY CRUZ,-2.748.379,-5.878.964,1,1,0,2,0,Colisión entre vehículos,2,Asfalto,Apto,,Día,SI,Despejado,Buena,Funciona,Transporte de carga
634,48905,2018-09-04,19:00:00,Urbana,Avenida,AV FERRE,2600,AV ARTIGAS,-2.747.790,-5.881.974,2,0,0,2,0,Colisión entre vehículos,2,Asfalto,Apto,Seca,Día,NO,Despejado,Buena,Funciona,Automóvil
635,48905,2018-09-04,19:00:00,Urbana,Avenida,AV FERRE,2600,AV ARTIGAS,-2.747.790,-5.881.974,2,0,0,2,0,Colisión entre vehículos,2,Asfalto,Apto,Seca,Día,NO,Despejado,Buena,Funciona,Automóvil
636,48889,2018-09-02,07:48:00,Urbana,Avenida,AV LAPRIDA,750,GABRIELA MISTRAL,-2.746.951,-5.878.743,0,2,0,2,0,Colisión entre vehículos,2,Asfalto,Apto,Mojada,Día,NO,"Lluvia, Viento",Lluvia,Sin Semáforo,Motocicleta
637,48889,2018-09-02,07:48:00,Urbana,Avenida,AV LAPRIDA,750,GABRIELA MISTRAL,-2.746.951,-5.878.743,0,2,0,2,0,Colisión entre vehículos,2,Asfalto,Apto,Mojada,Día,NO,"Lluvia, Viento",Lluvia,Sin Semáforo,Bicicleta
638,48894,2018-08-31,06:00:00,Urbana,Calle,NECOCHEA,1700,REPUBLICA DEL LIBANO,-2.748.010,-5.883.020,0,1,0,1,0,Caída desde vehículo,1,Asfalto,Apto,Mojada,Amanecer,NO,Granizo,Lluvia,,Motocicleta
639,48964,2018-09-26,09:00:00,Urbana,Calle,JOSE RAMON VIDAL,3400,TARAGUI,-2.749.504,-5.884.106,0,1,0,1,0,Atropello a animal/es,1,Hormigón,Apto,Seca,Día,NO,Despejado,Buena,Sin Semáforo,Motocicleta
640,49095,2018-11-18,12:20:00,Urbana,Calle,ALTA GRACIA,3996,LOS ATACAMAS,-2.750.804,-5.881.330,1,1,0,2,0,Colisión entre vehículos,2,Hormigón,Apto,Seca,Día,NO,Nublado,Buena,No Funciona,Automóvil
641,49095,2018-11-18,12:20:00,Urbana,Calle,ALTA GRACIA,3996,LOS ATACAMAS,-2.750.804,-5.881.330,1,1,0,2,0,Colisión entre vehículos,2,Hormigón,Apto,Seca,Día,NO,Nublado,Buena,No Funciona,Motocicleta
642,48993,2018-10-05,10:45:00,Urbana,Calle,LAS PIEDRAS,1600,LAVALLE,-2.748.273,-5.880.080,2,0,0,2,0,Colisión entre vehículos,2,Hormigón,Apto,Seca,Día,NO,Despejado,Buena,Sin Semáforo,Motocicleta
643,48993,2018-10-05,10:45:00,Urbana,Calle,LAS PIEDRAS,1600,LAVALLE,-2.748.273,-5.880.080,2,0,0,2,0,Colisión entre vehículos,2,Hormigón,Apto,Seca,Día,NO,Despejado,Buena,Sin Semáforo,Automóvil
644,49049,2018-10-27,17:00:00,Urbana,Calle,SALTA,1500,,-2.747.414,-5.883.957,2,0,0,2,0,Colisión entre vehículos,2,Adoquín,Apto,Seca,Día,NO,Despejado,Buena,Sin Semáforo,Automóvil
645,49049,2018-10-27,17:00:00,Urbana,Calle,SALTA,1500,,-2.747.414,-5.883.957,2,0,0,2,0,Colisión entre vehículos,2,Adoquín,Apto,Seca,Día,NO,Despejado,Buena,Sin Semáforo,Automóvil
646,49115,2018-11-27,20:45:00,Urbana,Avenida,AV. MAIPU,820,,-2.748.636,-5.882.329,2,1,0,3,0,,3,Asfalto,Apto,Seca,Noche,NO,Nublado,Buena,Funciona,Motocicleta
647,49115,2018-11-27,20:45:00,Urbana,Avenida,AV. MAIPU,820,,-2.748.636,-5.882.329,2,1,0,3,0,,3,Asfalto,Apto,Seca,Noche,NO,Nublado,Buena,Funciona,Bicicleta
648,49115,2018-11-27,20:45:00,Urbana,Avenida,AV. MAIPU,820,,-2.748.636,-5.882.329,2,1,0,3,0,,3,Asfalto,Apto,Seca,Noche,NO,Nublado,Buena,Funciona,Bicicleta
649,49169,2018-12-14,10:00:00,Urbana,Avenida,AV 3 DE ABRIL,1400,CATAMARCA,-2.747.589,-5.883.392,1,1,0,2,0,Colisión entre vehículos,2,Hormigón,Apto,"Despejada, Seca",Día,NO,"Despejado, Viento",Buena,Funciona,Automóvil
650,49169,2018-12-14,10:00:00,Urbana,Avenida,AV 3 DE ABRIL,1400,CATAMARCA,-2.747.589,-5.883.392,1,1,0,2,0,Colisión entre vehículos,2,Hormigón,Apto,"Despejada, Seca",Día,NO,"Despejado, Viento",Buena,Funciona,Motocicleta
651,49186,2018-12-22,11:45:00,Urbana,Avenida,AV. 3 DE ABRIL,1598,SAN JUAN,-2.747.572,-5.883.760,1,1,0,2,0,Colisión entre vehículos,2,Asfalto,Apto,Seca,Día,,Despejado,Buena,Funciona,Automóvil
652,49186,2018-12-22,11:45:00,Urbana,Avenida,AV. 3 DE ABRIL,1598,SAN JUAN,-2.747.572,-5.883.760,1,1,0,2,0,Colisión entre vehículos,2,Asfalto,Apto,Seca,Día,,Despejado,Buena,Funciona,Motocicleta
653,48976,2018-09-29,06:50:00,Rural,Ruta Nacional,12,1032,FRENTE A ERAGIA,-2.747.835,-5.878.308,0,1,0,1,0,Colisión entre vehículos,1,Asfalto,Apto,Seca,Día,NO,Despejado,Buena,Sin Semáforo,Motocicleta
654,48987,2018-10-02,17:00:00,Urbana,Avenida,AVENIDA LIBERTAD,6690,RUTA 12,-2.746.129,-5.876.819,1,2,0,2,0,Colisión entre vehículos,2,Asfalto,Apto,Seca,Atardecer,NO,Nublado,Buena,Sin Semáforo,Automóvil
655,48987,2018-10-02,17:00:00,Urbana,Avenida,AVENIDA LIBERTAD,6690,RUTA 12,-2.746.129,-5.876.819,1,2,0,2,0,Colisión entre vehículos,2,Asfalto,Apto,Seca,Atardecer,NO,Nublado,Buena,Sin Semáforo,Motocicleta
656,49103,2018-11-21,16:55:00,Urbana,Avenida,AV. CAZADORES CORRENTINOS,2300,,-2.748.622,-5.882.083,2,1,0,3,0,Colisión entre vehículos,3,Hormigón,Apto,Seca,Día,NO,,,Funciona,Automóvil
657,49103,2018-11-21,16:55:00,Urbana,Avenida,AV. CAZADORES CORRENTINOS,2300,,-2.748.622,-5.882.083,2,1,0,3,0,Colisión entre vehículos,3,Hormigón,Apto,Seca,Día,NO,,,Funciona,Automóvil
658,49103,2018-11-21,16:55:00,Urbana,Avenida,AV. CAZADORES CORRENTINOS,2300,,-2.748.622,-5.882.083,2,1,0,3,0,Colisión entre vehículos,3,Hormigón,Apto,Seca,Día,NO,,,Funciona,Automóvil
659,48997,2018-10-07,11:40:00,Urbana,Avenida,PATAGONIA,2300,JOSE HERNANDEZ,-2.749.230,-5.882.256,1,2,0,2,1,Atropello a peatón/es,3,Hormigón,Apto,Despejada,Día,NO,Despejado,Buena,Sin Semáforo,Automóvil
660,48997,2018-10-07,11:40:00,Urbana,Avenida,PATAGONIA,2300,JOSE HERNANDEZ,-2.749.230,-5.882.256,1,2,0,2,1,Atropello a peatón/es,3,Hormigón,Apto,Despejada,Día,NO,Despejado,Buena,Sin Semáforo,Motocicleta
661,48997,2018-10-07,11:40:00,Urbana,Avenida,PATAGONIA,2300,JOSE HERNANDEZ,-2.749.230,-5.882.256,1,2,0,2,1,Atropello a peatón/es,3,Hormigón,Apto,Despejada,Día,NO,Despejado,Buena,Sin Semáforo,Peatón
662,48971,2018-09-27,07:20:00,Urbana,Avenida,AVENIDA CENTENARIO,4900,ARAOS,-2.748.187,-5.875.818,2,1,0,2,0,Colisión entre vehículos,2,Hormigón,Apto,Seca,Día,NO,Despejado,Buena,,Automóvil
663,48971,2018-09-27,07:20:00,Urbana,Avenida,AVENIDA CENTENARIO,4900,ARAOS,-2.748.187,-5.875.818,2,1,0,2,0,Colisión entre vehículos,2,Hormigón,Apto,Seca,Día,NO,Despejado,Buena,,Motocicleta
664,49132,2018-12-04,08:10:00,Urbana,Calle,SUIZA,3300,REPUBLICA DOMINICANA,-2.747.613,-5.881.072,2,0,0,2,0,Colisión entre vehículos,2,Asfalto,Apto,Seca,Día,SI,Despejado,Buena,Sin Semáforo,Automóvil
665,49132,2018-12-04,08:10:00,Urbana,Calle,SUIZA,3300,REPUBLICA DOMINICANA,-2.747.613,-5.881.072,2,0,0,2,0,Colisión entre vehículos,2,Asfalto,Apto,Seca,Día,SI,Despejado,Buena,Sin Semáforo,Motocicleta
666,48926,2018-09-13,05:00:00,Urbana,Calle,PIO 12,1200,LAS HERAS,-2.748.068,-5.883.714,1,1,0,2,0,Colisión entre vehículos,2,Hormigón,Apto,Mojada,Noche,SI,Nublado,Buena,Sin Semáforo,Automóvil
667,48926,2018-09-13,05:00:00,Urbana,Calle,PIO 12,1200,LAS HERAS,-2.748.068,-5.883.714,1,1,0,2,0,Colisión entre vehículos,2,Hormigón,Apto,Mojada,Noche,SI,Nublado,Buena,Sin Semáforo,Motocicleta
668,48804,2018-08-02,20:10:00,Urbana,Calle,H. HIRIGOYEN,2299,PERU,-2.747.014,-5.882.161,0,1,0,1,0,Despiste,1,Asfalto,Apto,,Noche,SI,Despejado,Buena,Sin Semáforo,Motocicleta
669,49075,2018-11-07,17:45:00,Urbana,Avenida,AVENIDA RAUL ALFONSIN,4800,ONTIVEROS,-2.747.606,-5.879.265,1,1,0,2,0,Colisión entre vehículos,2,Hormigón,Apto,Seca,Atardecer,NO,Despejado,Buena,Sin Semáforo,Automóvil
670,49075,2018-11-07,17:45:00,Urbana,Avenida,AVENIDA RAUL ALFONSIN,4800,ONTIVEROS,-2.747.606,-5.879.265,1,1,0,2,0,Colisión entre vehículos,2,Hormigón,Apto,Seca,Atardecer,NO,Despejado,Buena,Sin Semáforo,Motocicleta
671,49199,2018-12-30,07:00:00,Urbana,Avenida,AV MAIPU,3763,,-2.750.928,-5.881.025,1,0,0,1,0,Colisión entre vehículos,1,Hormigón,Apto,"Despejada, Seca",Día,NO,Despejado,Buena,Sin Semáforo,Automóvil
672,48982,2018-10-01,18:15:00,Urbana,Avenida,AVENIDA VIDAL,1796,GENERAL PAZ,-2.748.056,-5.881.520,1,1,0,1,1,Atropello a peatón/es,2,Hormigón,Apto,Seca,Atardecer,NO,Nublado,Buena,Funciona,Motocicleta
673,48982,2018-10-01,18:15:00,Urbana,Avenida,AVENIDA VIDAL,1796,GENERAL PAZ,-2.748.056,-5.881.520,1,1,0,1,1,Atropello a peatón/es,2,Hormigón,Apto,Seca,Atardecer,NO,Nublado,Buena,Funciona,Peatón
674,48953,2018-09-20,17:35:00,Urbana,Calle,BUENOS AIRES,800,MORENO,-2.747.294,-5.884.097,2,0,0,2,0,Colisión entre vehículos,2,Hormigón,Apto,Seca,Día,,Despejado,Buena,Sin Semáforo,Automóvil
675,48953,2018-09-20,17:35:00,Urbana,Calle,BUENOS AIRES,800,MORENO,-2.747.294,-5.884.097,2,0,0,2,0,Colisión entre vehículos,2,Hormigón,Apto,Seca,Día,,Despejado,Buena,Sin Semáforo,Motocicleta
676,48897,2018-08-31,08:30:00,Urbana,Calle,GUTEMBERG,1598,TENIENTE CUNDOM,-2.748.593,-5.883.251,1,1,1,2,0,Colisión entre vehículos,2,Hormigón,Ahuellamiento,Seca,Día,NO,Despejado,Buena,Sin Semáforo,Automóvil
677,48897,2018-08-31,08:30:00,Urbana,Calle,GUTEMBERG,1598,TENIENTE CUNDOM,-2.748.593,-5.883.251,1,1,1,2,0,Colisión entre vehículos,2,Hormigón,Ahuellamiento,Seca,Día,NO,Despejado,Buena,Sin Semáforo,Motocicleta
678,48908,2018-09-05,13:30:00,Urbana,Avenida,TRES DE ABRIL,1600,SANTA FE,-2.747.633,-5.883.143,1,1,0,2,0,Colisión entre vehículos,2,Hormigón,Apto,Seca,Día,NO,Despejado,Buena,Funciona,Automóvil
679,48908,2018-09-05,13:30:00,Urbana,Avenida,TRES DE ABRIL,1600,SANTA FE,-2.747.633,-5.883.143,1,1,0,2,0,Colisión entre vehículos,2,Hormigón,Apto,Seca,Día,NO,Despejado,Buena,Funciona,Motocicleta
680,48828,2018-08-16,20:10:00,Urbana,Avenida,3 DE abril,1598,SAN JUAN,-2.747.544,-5.883.758,0,2,0,1,0,Despiste,1,Asfalto,Apto,,Noche,SI,Despejado,Buena,Funciona,Motocicleta
681,48873,2018-08-26,21:02:00,Urbana,Avenida,AV PAYSANDU,3400,RAFAELA,-2.749.751,-5.882.537,1,1,0,2,0,Colisión entre vehículos,2,Asfalto,Apto,Seca,Noche,SI,Despejado,Buena,Sin Semáforo,Motocicleta
682,48873,2018-08-26,21:02:00,Urbana,Avenida,AV PAYSANDU,3400,RAFAELA,-2.749.751,-5.882.537,1,1,0,2,0,Colisión entre vehículos,2,Asfalto,Apto,Seca,Noche,SI,Despejado,Buena,Sin Semáforo,Motocicleta
683,49129,2018-12-02,13:05:00,Urbana,Ruta Nacional,12,1080,FRENTE ERAGIA,-2.747.458,-5.878.185,2,1,0,2,0,Colisión entre vehículos,2,Asfalto,,,Día,NO,Despejado,Buena,Sin Semáforo,Motocicleta
684,49129,2018-12-02,13:05:00,Urbana,Ruta Nacional,12,1080,FRENTE ERAGIA,-2.747.458,-5.878.185,2,1,0,2,0,Colisión entre vehículos,2,Asfalto,,,Día,NO,Despejado,Buena,Sin Semáforo,Camioneta/Utilitario
685,48946,2018-09-18,23:05:00,Urbana,Avenida,AV. PEDRO FERRE,1599,,-2.747.844,-5.881.462,1,1,0,1,1,Atropello a peatón/es,2,Hormigón,Apto,Seca,Noche,SI,Despejado,Buena,Funciona,Transporte de carga
686,48946,2018-09-18,23:05:00,Urbana,Avenida,AV. PEDRO FERRE,1599,,-2.747.844,-5.881.462,1,1,0,1,1,Atropello a peatón/es,2,Hormigón,Apto,Seca,Noche,SI,Despejado,Buena,Funciona,Peatón
687,49051,2018-10-28,21:00:00,Urbana,Avenida,AV. CHACABUCO,1600,LAVALLE,-2.747.934,-5.881.488,1,1,0,2,0,Colisión entre vehículos,2,Hormigón,Apto,Seca,,SI,,,Sin Semáforo,Automóvil
688,49051,2018-10-28,21:00:00,Urbana,Avenida,AV. CHACABUCO,1600,LAVALLE,-2.747.934,-5.881.488,1,1,0,2,0,Colisión entre vehículos,2,Hormigón,Apto,Seca,,SI,,,Sin Semáforo,Camioneta/Utilitario
689,49144,2018-11-07,08:40:00,Urbana,Calle,GUASTAVINO,700,,-2.748.216,-5.884.399,1,1,0,2,0,Colisión entre vehículos,2,Hormigón,Apto,,Día,NO,Despejado,Buena,,Automóvil
690,49144,2018-11-07,08:40:00,Urbana,Calle,GUASTAVINO,700,,-2.748.216,-5.884.399,1,1,0,2,0,Colisión entre vehículos,2,Hormigón,Apto,,Día,NO,Despejado,Buena,,Motocicleta
691,49151,2018-12-08,19:15:00,Urbana,Avenida,AVENIDA CAZADORES CORRENTINOS,3729,,,,0,1,0,1,0,Caída desde vehículo,1,Hormigón,Apto,Seca,Atardecer,NO,Despejado,,Sin Semáforo,Motocicleta