,id_feu,siniestro_fecha,siniestro_hora,zona_ocurrencia,via_publica,nombre_via,altura_km,entre_calle_1,latitud,longitud,ilesos,heridos,fallecidos,vehiculos,peatones,tipo_siniestro_unico,cantidad_de_involucrados,material_de_la_calzada,estado_de_la_calzada,estado_fisico_ambiental,luminosidad,luz_artificial,estado_ambiental,visibilidad,semaforo,tipo_involucrado
692,49158,2018-12-11,17:45:00,Urbana,Calle,TUCUMAN,500,QUINTANA,-2.746.265,-5.884.137,2,0,0,2,0,Colisión entre vehículos,2,Asfalto,Apto,"Despejada, Seca",Día,SI,Despejado,Buena,Sin Semáforo,Camioneta/Utilitario
693,49158,2018-12-11,17:45:00,Urbana,Calle,TUCUMAN,500,QUINTANA,-2.746.265,-5.884.137,2,0,0,2,0,Colisión entre vehículos,2,Asfalto,Apto,"Despejada, Seca",Día,SI,Despejado,Buena,Sin Semáforo,Transporte de pasajeros
694,49146,2018-12-07,11:05:00,Urbana,Avenida,AVENIDA COSTANERA,800,PAGO LARGO,-2.746.565,-5.884.792,1,1,0,2,0,Colisión entre vehículos,2,Asfalto,Apto,Seca,Día,NO,Despejado,Buena,Sin Semáforo,Camioneta/Utilitario
695,49146,2018-12-07,11:05:00,Urbana,Avenida,AVENIDA COSTANERA,800,PAGO LARGO,-2.746.565,-5.884.792,1,1,0,2,0,Colisión entre vehículos,2,Asfalto,Apto,Seca,Día,NO,Despejado,Buena,Sin Semáforo,Motocicleta
696,48809,2018-08-04,06:30:00,Urbana,Calle,MADARIAGA,661,,-2.748.207,-5.884.454,0,2,0,1,0,Colisión entre vehículos,1,Asfalto,Apto,Seca,Día,,Niebla / Neblina,Niebla/Neblina,Sin Semáforo,Automóvil
697,48923,2018-09-09,22:00:00,Urbana,Avenida,AVENIDA INDEPENDENCIA,4200,LAS PIEDRAS,-2.748.136,-5.880.067,0,1,0,1,0,Despiste,1,Hormigón,Apto,,Noche,SI,Despejado,Buena,Sin Semáforo,Motocicleta
698,49174,2018-12-17,15:50:00,Urbana,Avenida,AV RIO CHICO,5400,LANARI,-2.746.108,-5.878.153,1,1,0,2,0,Colisión entre vehículos,2,Hormigón,Apto,Despejada,Día,NO,Despejado,Buena,No Funciona,Motocicleta
699,49174,2018-12-17,15:50:00,Urbana,Avenida,AV RIO CHICO,5400,LANARI,-2.746.108,-5.878.153,1,1,0,2,0,Colisión entre vehículos,2,Hormigón,Apto,Despejada,Día,NO,Despejado,Buena,No Funciona,Automóvil
700,48868,2018-08-25,08:00:00,Urbana,Avenida,AV. SARMIENTO,1698,NECOCHEA,-2.748.021,-5.883.055,1,1,0,2,0,Colisión entre vehículos,2,Asfalto,Apto,Seca,Día,NO,Despejado,Buena,Sin Semáforo,Automóvil
701,48868,2018-08-25,08:00:00,Urbana,Avenida,AV. SARMIENTO,1698,NECOCHEA,-2.748.021,-5.883.055,1,1,0,2,0,Colisión entre vehículos,2,Asfalto,Apto,Seca,Día,NO,Despejado,Buena,Sin Semáforo,Motocicleta
702,49031,2018-10-14,18:20:00,Urbana,Avenida,LAS PIEDRA,2400,,-2.748.956,-5.880.249,2,0,0,2,0,Colisión entre vehículos,2,Asfalto,Apto,Seca,Día,NO,Despejado,Buena,Sin Semáforo,Automóvil
703,49031,2018-10-14,18:20:00,Urbana,Avenida,LAS PIEDRA,2400,,-2.748.956,-5.880.249,2,0,0,2,0,Colisión entre vehículos,2,Asfalto,Apto,Seca,Día,NO,Despejado,Buena,Sin Semáforo,Automóvil
704,49004,2018-10-09,19:00:00,Urbana,Calle,CATAMARCA,900,JUNIN,-2.746.798,-5.883.310,0,2,0,1,1,Atropello a peatón/es,2,Hormigón,Apto,Seca,Atardecer,NO,Nublado,Buena,Funciona,Motocicleta
705,49004,2018-10-09,19:00:00,Urbana,Calle,CATAMARCA,900,JUNIN,-2.746.798,-5.883.310,0,2,0,1,1,Atropello a peatón/es,2,Hormigón,Apto,Seca,Atardecer,NO,Nublado,Buena,Funciona,Peatón
706,49105,2018-11-22,08:00:00,Urbana,Avenida,ARTIGAS,1200,BOLIVAR,-2.747.271,-5.881.890,2,0,0,2,0,Colisión entre vehículos,2,Asfalto,Apto,Seca,Día,NO,Despejado,Buena,Sin Semáforo,Automóvil
707,49105,2018-11-22,08:00:00,Urbana,Avenida,ARTIGAS,1200,BOLIVAR,-2.747.271,-5.881.890,2,0,0,2,0,Colisión entre vehículos,2,Asfalto,Apto,Seca,Día,NO,Despejado,Buena,Sin Semáforo,Motocicleta
708,49061,2018-11-01,18:05:00,Urbana,Calle,107,900,BELASCOAIN,-2.748.535,-5.876.789,2,1,0,2,0,Colisión entre vehículos,2,Tierra,Apto,Seca,Atardecer,NO,Nublado,Buena,Sin Semáforo,Motocicleta
709,49061,2018-11-01,18:05:00,Urbana,Calle,107,900,BELASCOAIN,-2.748.535,-5.876.789,2,1,0,2,0,Colisión entre vehículos,2,Tierra,Apto,Seca,Atardecer,NO,Nublado,Buena,Sin Semáforo,Motocicleta
710,48898,2018-09-04,18:15:00,Urbana,Calle,CORDOBA,1500,RIVADAVIA,-2.747.455,-5.883.521,2,0,0,2,0,Colisión entre vehículos,2,Asfalto,Apto,Seca,Atardecer,NO,Despejado,Buena,,Motocicleta
711,48898,2018-09-04,18:15:00,Urbana,Calle,CORDOBA,1500,RIVADAVIA,-2.747.455,-5.883.521,2,0,0,2,0,Colisión entre vehículos,2,Asfalto,Apto,Seca,Atardecer,NO,Despejado,Buena,,Motocicleta
712,48988,2018-10-05,09:10:00,Urbana,Calle,SAN LUIS,1400,BOLIVAR,-2.747.033,-5.884.321,1,1,0,2,0,Colisión entre vehículos,2,Asfalto,Apto,Seca,Día,NO,Despejado,Buena,Sin Semáforo,Automóvil
713,48988,2018-10-05,09:10:00,Urbana,Calle,SAN LUIS,1400,BOLIVAR,-2.747.033,-5.884.321,1,1,0,2,0,Colisión entre vehículos,2,Asfalto,Apto,Seca,Día,NO,Despejado,Buena,Sin Semáforo,Motocicleta
714,49024,2018-10-18,16:50:00,Urbana,Calle,DOMINGO LASTRA,900,,-2.746.902,-5.878.861,2,1,0,2,0,Colisión entre vehículos,2,Tierra,Apto,Seca,Atardecer,NO,Despejado,Buena,Sin Semáforo,Automóvil
715,49024,2018-10-18,16:50:00,Urbana,Calle,DOMINGO LASTRA,900,,-2.746.902,-5.878.861,2,1,0,2,0,Colisión entre vehículos,2,Tierra,Apto,Seca,Atardecer,NO,Despejado,Buena,Sin Semáforo,Motocicleta
716,48963,2018-09-26,07:55:00,Urbana,Avenida,AVENIDA AGUIRRE,700,CALLE 522,-2.752.105,-5.879.128,1,1,0,2,0,Colisión entre vehículos,2,Hormigón,Apto,Seca,Día,NO,Despejado,Buena,Sin Semáforo,Automóvil
717,48963,2018-09-26,07:55:00,Urbana,Avenida,AVENIDA AGUIRRE,700,CALLE 522,-2.752.105,-5.879.128,1,1,0,2,0,Colisión entre vehículos,2,Hormigón,Apto,Seca,Día,NO,Despejado,Buena,Sin Semáforo,Motocicleta
718,49021,2018-10-22,13:35:00,Urbana,Avenida,AVENIDA CAZADORES CORRENTINOS,2290,,-2.748.617,-5.882.268,1,1,0,2,0,Colisión entre vehículos,2,Hormigón,Apto,Seca,Día,NO,Despejado,Buena,Sin Semáforo,Automóvil
719,49021,2018-10-22,13:35:00,Urbana,Avenida,AVENIDA CAZADORES CORRENTINOS,2290,,-2.748.617,-5.882.268,1,1,0,2,0,Colisión entre vehículos,2,Hormigón,Apto,Seca,Día,NO,Despejado,Buena,Sin Semáforo,Motocicleta
720,49038,2018-10-25,05:40:00,Urbana,Calle,CORDOBA,1200,BELGRANO,-2.747.226,-5.883.494,2,0,0,2,0,Colisión entre vehículos,2,Asfalto,Apto,"Despejada, Seca",Día,SI,Despejado,Buena,Sin Semáforo,Motocicleta
721,49038,2018-10-25,05:40:00,Urbana,Calle,CORDOBA,1200,BELGRANO,-2.747.226,-5.883.494,2,0,0,2,0,Colisión entre vehículos,2,Asfalto,Apto,"Despejada, Seca",Día,SI,Despejado,Buena,Sin Semáforo,Automóvil
722,49109,2018-11-24,08:15:00,Urbana,Avenida,Av tres de abril,1120,MENDOZA,-2.747.583,-5.883.711,3,1,0,4,0,,4,Asfalto,Apto,Seca,Día,NO,Despejado,Buena,Funciona,Automóvil
723,49109,2018-11-24,08:15:00,Urbana,Avenida,Av tres de abril,1120,MENDOZA,-2.747.583,-5.883.711,3,1,0,4,0,,4,Asfalto,Apto,Seca,Día,NO,Despejado,Buena,Funciona,Automóvil
724,49109,2018-11-24,08:15:00,Urbana,Avenida,Av tres de abril,1120,MENDOZA,-2.747.583,-5.883.711,3,1,0,4,0,,4,Asfalto,Apto,Seca,Día,NO,Despejado,Buena,Funciona,Automóvil
725,49109,2018-11-24,08:15:00,Urbana,Avenida,Av tres de abril,1120,MENDOZA,-2.747.583,-5.883.711,3,1,0,4,0,,4,Asfalto,Apto,Seca,Día,NO,Despejado,Buena,Funciona,Motocicleta
726,48879,2018-08-28,08:10:00,Urbana,Avenida,AVENIDA PRESIDENTE RAUL ALFONSIN,4200,RIO JURAMENTO,-2.747.502,-5.879.824,1,1,0,2,0,Colisión entre vehículos,2,Asfalto,Apto,,Día,NO,Despejado,Buena,Funciona,Automóvil
727,48879,2018-08-28,08:10:00,Urbana,Avenida,AVENIDA PRESIDENTE RAUL ALFONSIN,4200,RIO JURAMENTO,-2.747.502,-5.879.824,1,1,0,2,0,Colisión entre vehículos,2,Asfalto,Apto,,Día,NO,Despejado,Buena,Funciona,Motocicleta
728,48895,2018-08-31,06:30:00,Urbana,Avenida,AV. MAIPU,8000,,-2.752.224,-5.879.936,0,1,0,1,0,Despiste,1,Asfalto,Apto,Seca,Día,NO,Despejado,Buena,Sin Semáforo,Motocicleta
729,48990,2018-10-02,21:45:00,Urbana,Avenida,RIVADAVIA,300,CNEL BLANCO,-2.747.300,-5.884.767,1,1,0,2,0,Colisión entre vehículos,2,Asfalto,Apto,,Noche,SI,Despejado,Buena,Sin Semáforo,Automóvil
730,48990,2018-10-02,21:45:00,Urbana,Avenida,RIVADAVIA,300,CNEL BLANCO,-2.747.300,-5.884.767,1,1,0,2,0,Colisión entre vehículos,2,Asfalto,Apto,,Noche,SI,Despejado,Buena,Sin Semáforo,Motocicleta
731,48827,2018-08-15,14:40:00,Urbana,Avenida,AV. INDEPENDENCIA,3700,TACUARI,-2.747.962,-5.880.637,1,1,0,2,0,Colisión entre vehículos,2,Asfalto,Apto,Seca,Día,NO,Despejado,Buena,Funciona,Automóvil
732,48827,2018-08-15,14:40:00,Urbana,Avenida,AV. INDEPENDENCIA,3700,TACUARI,-2.747.962,-5.880.637,1,1,0,2,0,Colisión entre vehículos,2,Asfalto,Apto,Seca,Día,NO,Despejado,Buena,Funciona,Transporte de carga
733,48984,2018-10-01,03:30:00,Urbana,Avenida,AVENIDA LIBERTAD,5100,,-2.746.637,-5.878.821,0,1,0,1,0,Caída desde vehículo,1,Hormigón,Apto,Seca,Noche,,Despejado,Buena,,Motocicleta
734,49113,2018-11-27,07:50:00,Urbana,Avenida,AV. INDEPENDENCIA,5500,,-2.748.396,-5.878.315,2,0,0,2,0,Colisión entre vehículos,2,Hormigón,Apto,Seca,,NO,Despejado,Buena,Sin Semáforo,Motocicleta
735,49113,2018-11-27,07:50:00,Urbana,Avenida,AV. INDEPENDENCIA,5500,,-2.748.396,-5.878.315,2,0,0,2,0,Colisión entre vehículos,2,Hormigón,Apto,Seca,,NO,Despejado,Buena,Sin Semáforo,Transporte de carga
736,48925,2018-09-11,11:45:00,Urbana,Calle,SAN MARTIN,1100,SAN JUAN,-2.746.980,-5.883.696,3,0,0,3,0,Colisión entre vehículos,3,Asfalto,Apto,Seca,Día,NO,Despejado,Buena,Sin Semáforo,Automóvil
737,48925,2018-09-11,11:45:00,Urbana,Calle,SAN MARTIN,1100,SAN JUAN,-2.746.980,-5.883.696,3,0,0,3,0,Colisión entre vehículos,3,Asfalto,Apto,Seca,Día,NO,Despejado,Buena,Sin Semáforo,Automóvil
738,48925,2018-09-11,11:45:00,Urbana,Calle,SAN MARTIN,1100,SAN JUAN,-2.746.980,-5.883.696,3,0,0,3,0,Colisión entre vehículos,3,Asfalto,Apto,Seca,Día,NO,Despejado,Buena,Sin Semáforo,Automóvil
739,48994,2018-10-10,04:45:00,Urbana,Avenida,AVENIDA INDEPENDENCIA,3405,CASTELLI,-2.747.926,-5.880.960,1,1,0,2,0,Colisión entre vehículos,2,Hormigón,Apto,Seca,Noche,SI,Nublado,Buena,Funciona,Automóvil
740,48994,2018-10-10,04:45:00,Urbana,Avenida,AVENIDA INDEPENDENCIA,3405,CASTELLI,-2.747.926,-5.880.960,1,1,0,2,0,Colisión entre vehículos,2,Hormigón,Apto,Seca,Noche,SI,Nublado,Buena,Funciona,Motocicleta
741,48871,2018-08-26,02:40:00,Urbana,Avenida,AV VERA,1400,,-2.746.126,-5.883.235,2,0,0,2,0,Colisión entre vehículos,2,Asfalto,Apto,,Amanecer,SI,Despejado,Buena,,Motocicleta
742,48871,2018-08-26,02:40:00,Urbana,Avenida,AV VERA,1400,,-2.746.126,-5.883.235,2,0,0,2,0,Colisión entre vehículos,2,Asfalto,Apto,,Amanecer,SI,Despejado,Buena,,Camioneta/Utilitario
743,49055,2018-10-29,18:30:00,Urbana,Avenida,AV. INDEPENDENCIA,5328,,-2.748.416,-5.878.658,2,0,0,2,0,Colisión entre vehículos,2,Hormigón,Apto,Seca,Día,NO,Despejado,Buena,Funciona,Automóvil
744,49055,2018-10-29,18:30:00,Urbana,Avenida,AV. INDEPENDENCIA,5328,,-2.748.416,-5.878.658,2,0,0,2,0,Colisión entre vehículos,2,Hormigón,Apto,Seca,Día,NO,Despejado,Buena,Funciona,Camioneta/Utilitario
745,48920,2018-09-09,18:30:00,Urbana,Avenida,AVENIDA JUAN ROMERO,600,ALBERDI,-2.748.452,-5.884.558,2,0,0,2,0,Colisión entre vehículos,2,Hormigón,Apto,Seca,Atardecer,NO,Despejado,Buena,Funciona,Automóvil
746,48920,2018-09-09,18:30:00,Urbana,Avenida,AVENIDA JUAN ROMERO,600,ALBERDI,-2.748.452,-5.884.558,2,0,0,2,0,Colisión entre vehículos,2,Hormigón,Apto,Seca,Atardecer,NO,Despejado,Buena,Funciona,Motocicleta
747,48961,2018-09-25,12:20:00,Urbana,Avenida,AV. TENIENTE IBAÑEZ,2400,CORDOBA,-2.748.558,-5.883.649,1,1,0,2,0,Colisión entre vehículos,2,,Apto,Despejada,Día,,,,Sin Semáforo,Automóvil
748,48961,2018-09-25,12:20:00,Urbana,Avenida,AV. TENIENTE IBAÑEZ,2400,CORDOBA,-2.748.558,-5.883.649,1,1,0,2,0,Colisión entre vehículos,2,,Apto,Despejada,Día,,,,Sin Semáforo,Motocicleta
749,49048,2018-10-27,13:48:00,Urbana,Calle,LA CUEVAS,3000,MERCEDARIAS,-2.750.848,-5.882.123,2,0,0,2,0,Colisión entre vehículos,2,Adoquín,Apto,Seca,Día,NO,Despejado,Buena,Sin Semáforo,Automóvil
750,49048,2018-10-27,13:48:00,Urbana,Calle,LA CUEVAS,3000,MERCEDARIAS,-2.750.848,-5.882.123,2,0,0,2,0,Colisión entre vehículos,2,Adoquín,Apto,Seca,Día,NO,Despejado,Buena,Sin Semáforo,Motocicleta
751,49177,2018-12-19,13:30:00,Urbana,Calle,GENERAL PAZ,1800,GUATAVINO,-2.747.744,-5.884.334,1,1,0,2,0,Colisión entre vehículos,2,Asfalto,Apto,Despejada,Día,NO,Nublado,Buena,Sin Semáforo,Camioneta/Utilitario
752,49177,2018-12-19,13:30:00,Urbana,Calle,GENERAL PAZ,1800,GUATAVINO,-2.747.744,-5.884.334,1,1,0,2,0,Colisión entre vehículos,2,Asfalto,Apto,Despejada,Día,NO,Nublado,Buena,Sin Semáforo,Automóvil
753,48886,2018-09-03,09:20:00,Urbana,Calle,MENDOZA,1198,BOLIVAR,-2.747.098,-5.883.596,1,1,0,2,0,Colisión entre vehículos,2,Asfalto,Apto,Mojada,Día,NO,Nublado,Buena,Sin Semáforo,Automóvil
754,48886,2018-09-03,09:20:00,Urbana,Calle,MENDOZA,1198,BOLIVAR,-2.747.098,-5.883.596,1,1,0,2,0,Colisión entre vehículos,2,Asfalto,Apto,Mojada,Día,NO,Nublado,Buena,Sin Semáforo,Motocicleta
755,49006,2018-10-11,08:30:00,Urbana,Calle,CORDOBA,1200,BOLIVAR,-2.747.104,-5.883.479,2,0,0,2,0,Colisión entre vehículos,2,Hormigón,Apto,Seca,Día,NO,Despejado,Buena,Sin Semáforo,Automóvil
756,49006,2018-10-11,08:30:00,Urbana,Calle,CORDOBA,1200,BOLIVAR,-2.747.104,-5.883.479,2,0,0,2,0,Colisión entre vehículos,2,Hormigón,Apto,Seca,Día,NO,Despejado,Buena,Sin Semáforo,Motocicleta
757,48903,2018-08-02,04:30:00,Urbana,Avenida,AVENIDA ARMENIA,3800,19 DE mayo,-2.746.784,-5.880.505,2,0,0,2,0,Colisión entre vehículos,2,Asfalto,Apto,,Noche,SI,Lluvia,Lluvia,Intermitente,Automóvil
758,48903,2018-08-02,04:30:00,Urbana,Avenida,AVENIDA ARMENIA,3800,19 DE mayo,-2.746.784,-5.880.505,2,0,0,2,0,Colisión entre vehículos,2,Asfalto,Apto,,Noche,SI,Lluvia,Lluvia,Intermitente,Automóvil
759,49085,2018-11-14,16:00:00,Urbana,Avenida,MAIPU,2700,NICARAGUA,-2.749.883,-5.881.466,2,0,0,2,0,Colisión entre vehículos,2,Asfalto,Apto,Seca,Atardecer,NO,Despejado,Buena,Funciona,Automóvil
760,49085,2018-11-14,16:00:00,Urbana,Avenida,MAIPU,2700,NICARAGUA,-2.749.883,-5.881.466,2,0,0,2,0,Colisión entre vehículos,2,Asfalto,Apto,Seca,Atardecer,NO,Despejado,Buena,Funciona,Camioneta/Utilitario
761,49138,2018-12-04,16:00:00,Urbana,Avenida,AV MAIPU,6000,RUTA 12,-2.752.981,-5.876.674,2,0,0,2,0,Colisión entre vehículos,2,Asfalto,Apto,Seca,Día,NO,Despejado,Buena,Sin Semáforo,Automóvil
762,49138,2018-12-04,16:00:00,Urbana,Avenida,AV MAIPU,6000,RUTA 12,-2.752.981,-5.876.674,2,0,0,2,0,Colisión entre vehículos,2,Asfalto,Apto,Seca,Día,NO,Despejado,Buena,Sin Semáforo,Automóvil
763,48887,2018-09-01,11:16:00,Urbana,Calle,MENDOZA,1700,LAVALLE,-2.747.713,-5.883.666,2,0,0,2,0,Colisión entre vehículos,2,Asfalto,Apto,Mojada,Día,NO,Lluvia,Lluvia,Sin Semáforo,Automóvil
764,48887,2018-09-01,11:16:00,Urbana,Calle,MENDOZA,1700,LAVALLE,-2.747.713,-5.883.666,2,0,0,2,0,Colisión entre vehículos,2,Asfalto,Apto,Mojada,Día,NO,Lluvia,Lluvia,Sin Semáforo,Automóvil
765,48948,2018-09-18,23:05:00,Urbana,Avenida,AV FERRE,3000,AV CHACABUCO,-2.747.861,-5.881.469,1,1,0,1,1,Colisión entre vehículos,2,Asfalto,Apto,Seca,Noche,SI,Despejado,Buena,Funciona,Transporte de carga
766,48948,2018-09-18,23:05:00,Urbana,Avenida,AV FERRE,3000,AV CHACABUCO,-2.747.861,-5.881.469,1,1,0,1,1,Colisión entre vehículos,2,Asfalto,Apto,Seca,Noche,SI,Despejado,Buena,Funciona,Peatón
767,49007,2018-10-11,11:30:00,Urbana,Avenida,AV CAZADORES CORRENTINOS,3850,PIROVANO,-2.748.679,-5.880.574,1,1,0,2,0,Caída desde vehículo,2,Hormigón,Apto,Seca,Día,NO,Despejado,Buena,Sin Semáforo,Motocicleta
768,49007,2018-10-11,11:30:00,Urbana,Avenida,AV CAZADORES CORRENTINOS,3850,PIROVANO,-2.748.679,-5.880.574,1,1,0,2,0,Caída desde vehículo,2,Hormigón,Apto,Seca,Día,NO,Despejado,Buena,Sin Semáforo,Automóvil
769,49005,2018-10-11,00:15:00,Urbana,Avenida,AV CHACABUCO,1900,GENERAL PAZ,-2.748.099,-5.881.515,1,1,0,2,0,Colisión entre vehículos,2,Asfalto,Apto,Seca,Noche,SI,Nublado,Buena,Intermitente,Automóvil
770,49005,2018-10-11,00:15:00,Urbana,Avenida,AV CHACABUCO,1900,GENERAL PAZ,-2.748.099,-5.881.515,1,1,0,2,0,Colisión entre vehículos,2,Asfalto,Apto,Seca,Noche,SI,Nublado,Buena,Intermitente,Motocicleta
771,48929,2018-09-12,11:20:00,Urbana,Avenida,AV INDEPENDENCIA,4400,MEDRANO,-2.748.157,-5.879.848,1,1,0,2,0,Colisión entre vehículos,2,Asfalto,Apto,"Despejada, Seca",Día,NO,Despejado,Buena,Funciona,Transporte de carga
772,48929,2018-09-12,11:20:00,Urbana,Avenida,AV INDEPENDENCIA,4400,MEDRANO,-2.748.157,-5.879.848,1,1,0,2,0,Colisión entre vehículos,2,Asfalto,Apto,"Despejada, Seca",Día,NO,Despejado,Buena,Funciona,Transporte de carga
773,48942,2018-09-18,17:20:00,Urbana,Calle,MENDOZA,1362,MORENO,-2.747.280,-5.883.616,1,1,0,1,1,Colisión entre vehículos,2,Asfalto,Apto,Seca,Día,NO,Despejado,Buena,Sin Semáforo,Motocicleta
774,48942,2018-09-18,17:20:00,Urbana,Calle,MENDOZA,1362,MORENO,-2.747.280,-5.883.616,1,1,0,1,1,Colisión entre vehículos,2,Asfalto,Apto,Seca,Día,NO,Despejado,Buena,Sin Semáforo,Peatón
775,48940,2018-09-18,17:30:00,Urbana,Ruta Provincial,5,1KM. 1/2,,-2.748.621,-5.876.928,1,1,0,2,0,Colisión entre vehículos,2,Asfalto,Apto,Seca,Día,NO,Despejado,Buena,Sin Semáforo,Automóvil
776,48940,2018-09-18,17:30:00,Urbana,Ruta Provincial,5,1KM. 1/2,,-2.748.621,-5.876.928,1,1,0,2,0,Colisión entre vehículos,2,Asfalto,Apto,Seca,Día,NO,Despejado,Buena,Sin Semáforo,Motocicleta
777,49184,2018-12-09,10:30:00,Urbana,Avenida,AV. GDOR. RUIZ.,2400,VELEZ SARFIELD,-2.746.676,-5.881.938,1,1,0,2,0,Colisión entre vehículos,2,Asfalto,,Seca,Día,,Despejado,Buena,Sin Semáforo,Automóvil
778,49184,2018-12-09,10:30:00,Urbana,Avenida,AV. GDOR. RUIZ.,2400,VELEZ SARFIELD,-2.746.676,-5.881.938,1,1,0,2,0,Colisión entre vehículos,2,Asfalto,,Seca,Día,,Despejado,Buena,Sin Semáforo,Motocicleta
779,49161,2018-12-12,18:15:00,Urbana,Avenida,AV PUJOL,1900,PARAGUAY,-2.746.409,-5.882.541,1,1,0,2,0,Colisión entre vehículos,2,Hormigón,Apto,"Despejada, Seca",Amanecer,SI,Nublado,Buena,Funciona,Motocicleta
780,49161,2018-12-12,18:15:00,Urbana,Avenida,AV PUJOL,1900,PARAGUAY,-2.746.409,-5.882.541,1,1,0,2,0,Colisión entre vehículos,2,Hormigón,Apto,"Despejada, Seca",Amanecer,SI,Nublado,Buena,Funciona,Camioneta/Utilitario
781,49032,2018-10-21,19:10:00,Urbana,Avenida,AVENIDA J. R. FERNANDEZ,400,ESNAOLA,-2.746.544,-5.878.928,1,2,0,2,0,Colisión entre vehículos,2,Asfalto,Apto,Despejada,Noche,SI,Despejado,Buena,Sin Semáforo,Motocicleta
782,49032,2018-10-21,19:10:00,Urbana,Avenida,AVENIDA J. R. FERNANDEZ,400,ESNAOLA,-2.746.544,-5.878.928,1,2,0,2,0,Colisión entre vehículos,2,Asfalto,Apto,Despejada,Noche,SI,Despejado,Buena,Sin Semáforo,Automóvil
783,49118,2018-11-28,14:20:00,Urbana,Calle,MADARIAGA,800,GDOR CASTILLO,-2.748.228,-5.884.268,1,1,0,2,0,Colisión entre vehículos,2,Hormigón,,,Día,NO,Nublado,Buena,Sin Semáforo,Automóvil
784,49118,2018-11-28,14:20:00,Urbana,Calle,MADARIAGA,800,GDOR CASTILLO,-2.748.228,-5.884.268,1,1,0,2,0,Colisión entre vehículos,2,Hormigón,,,Día,NO,Nublado,Buena,Sin Semáforo,Motocicleta
785,49160,2018-12-11,21:00:00,Urbana,Ruta Provincial,N°5,200,,-2.748.551,-5.877.372,1,1,0,1,1,Atropello a peatón/es,2,Asfalto,Apto,"Despejada, Seca",Noche,SI,Despejado,Buena,Sin Semáforo,Motocicleta
786,49160,2018-12-11,21:00:00,Urbana,Ruta Provincial,N°5,200,,-2.748.551,-5.877.372,1,1,0,1,1,Atropello a peatón/es,2,Asfalto,Apto,"Despejada, Seca",Noche,SI,Despejado,Buena,Sin Semáforo,Peatón
787,49108,2018-11-22,22:50:00,Urbana,Calle,BOLIVAR,2000,BRASIL,-2.747.216,-5.882.445,2,0,0,2,0,Colisión entre vehículos,2,Asfalto,,Mojada,Noche,SI,Lluvia,Lluvia,Sin Semáforo,Automóvil
788,49108,2018-11-22,22:50:00,Urbana,Calle,BOLIVAR,2000,BRASIL,-2.747.216,-5.882.445,2,0,0,2,0,Colisión entre vehículos,2,Asfalto,,Mojada,Noche,SI,Lluvia,Lluvia,Sin Semáforo,Automóvil
789,49009,2018-10-12,09:20:00,Urbana,Calle,MENDOZA,900,JUNIN,-2.746.769,-5.883.556,1,1,0,1,1,Colisión entre vehículos,2,Asfalto,Apto,Seca,Día,NO,Despejado,Buena,Funciona,Automóvil
790,49009,2018-10-12,09:20:00,Urbana,Calle,MENDOZA,900,JUNIN,-2.746.769,-5.883.556,1,1,0,1,1,Colisión entre vehículos,2,Asfalto,Apto,Seca,Día,NO,Despejado,Buena,Funciona,Peatón